{
    "Intercept": {
        "coefficient": 0.8215189873417796,
        "std_error": 0.01052567147169296,
        "p_value": 0.0
    },
    "group[T.NB]": {
        "coefficient": 0.03652698966971583,
        "std_error": 0.014539324459153076,
        "p_value": 0.011995070075643965
    },
    "target[T.EM]": {
        "coefficient": 0.032278481012657186,
        "std_error": 0.01183449999962926,
        "p_value": 0.0063818181994298555
    },
    "group[T.NB]:target[T.EM]": {
        "coefficient": -0.007565837334496806,
        "std_error": 0.016347235971519655,
        "p_value": 0.6434929740401194
    },
    "Group Var": {
        "coefficient": 0.5820849128218524,
        "std_error": 0.16899327650498078,
        "p_value": 0.000572272293037583
    }
}