{
    "Intercept": {
        "coefficient": 4.0202531645569435,
        "std_error": 0.05132144393992703,
        "p_value": 0.0
    },
    "group[T.NB]": {
        "coefficient": 0.17227557107524125,
        "std_error": 0.07089135616303054,
        "p_value": 0.015093196716203124
    },
    "target[T.EM]": {
        "coefficient": 0.09873417721518878,
        "std_error": 0.029320560879990312,
        "p_value": 0.0007587940927350252
    },
    "group[T.NB]:target[T.EM]": {
        "coefficient": -0.08206751054852111,
        "std_error": 0.040501088135326636,
        "p_value": 0.04273365765878849
    },
    "Group Var": {
        "coefficient": 5.127498051332146,
        "std_error": 0.8788671122169628,
        "p_value": 5.404500150305302e-09
    }
}