Metric,Abrupt Cut (AB),Natural Cut (NB)
Accuracy (%),83.76582278481013,87.04022988505747
Mean RT (s),5.580681996075798,5.764965676781095
Mean Confidence,4.069620253164557,4.200862068965518
