Metric,Abrupt Cut (AB),Natural Cut (NB)
Accuracy (%),83.68589743589745,87.04022988505747
Mean RT (s),5.583361256249824,5.764965676781095
Mean Confidence,4.070833333333334,4.200862068965518
